{
  "before_training": {
    "general_medicine": {
      "accuracy": 0.3684210526315789,
      "ece": 0.49974629753514344,
      "brier_score": 1.0742885451009876,
      "num_samples": 19
    },
    "cardiology": {
      "accuracy": 0.1,
      "ece": 0.7339602470397949,
      "brier_score": 1.4393772514883447,
      "num_samples": 10
    }
  },
  "after_training": {
    "general_medicine": {
      "accuracy": 0.3684210526315789,
      "ece": 0.37907660007476807,
      "brier_score": 0.9382003260449633,
      "num_samples": 19
    },
    "cardiology": {
      "accuracy": 0.1,
      "ece": 0.5724003970623016,
      "brier_score": 1.148044630081319,
      "num_samples": 10
    }
  },
  "forgetting": 0.0,
  "cardiology_improvement": 0.0,
  "metadata": {
    "model_name": "gpt2",
    "learning_rate": 0.0002,
    "num_epochs": 3,
    "batch_size": 4,
    "timestamp": "2025-10-15T20:38:28.881787"
  }
}