{
  "before_training": {
    "general_medicine": {
      "accuracy": 0.3684210526315789,
      "ece": 0.4997476151115017,
      "brier_score": 1.0742913059368766,
      "num_samples": 19
    },
    "cardiology": {
      "accuracy": 0.1,
      "ece": 0.7339635372161866,
      "brier_score": 1.439383466521989,
      "num_samples": 10
    }
  },
  "after_training": {
    "general_medicine": {
      "accuracy": 0.3684210526315789,
      "ece": 0.38664943920938594,
      "brier_score": 0.9447513407170306,
      "num_samples": 19
    },
    "cardiology": {
      "accuracy": 0.1,
      "ece": 0.5831295907497406,
      "brier_score": 1.1629787769353694,
      "num_samples": 10
    }
  },
  "forgetting": 0.0,
  "cardiology_improvement": 0.0,
  "metadata": {
    "model_name": "gpt2",
    "learning_rate": 0.0002,
    "num_epochs": 3,
    "batch_size": 4,
    "timestamp": "2025-11-05T09:58:26.158011"
  }
}